poke	prob
Pidgey	0.171998
Rattata	0.116850
Voltorb	0.101212
Magnemite	0.084239
Nidoran.M	0.064743
Spearow	0.045156
Zubat	0.044109
Poliwag	0.038749
Paras	0.029081
Weedle	0.025077
