poke	prob
Pidgey	0.174910
Rattata	0.145548
Spearow	0.084779
Staryu	0.061728
Nidoran.M	0.056806
Weedle	0.055744
Zubat	0.038372
Eevee	0.030241
Caterpie	0.028361
Pinsir	0.025746
