poke	prob
Rattata	0.165724
Pidgey	0.130997
Weedle	0.091234
Bellsprout	0.066964
Caterpie	0.057830
Staryu	0.043846
Poliwag	0.037425
Spearow	0.035847
Magikarp	0.031502
Exeggcute	0.027375
